Id,Name,Description,Price,Category,ImageUrl,Tags,IsSpecial,IsAvailable,Sizes,SortOrder,CreatedAt,UpdatedAt
pz-cheese,Cheese Pizza,"Classic cheese pizza with tomato sauce and mozzarella. Deal: Buy 2 Large, get 1 Medium FREE!",12.99,Pizza,,"{""Deal""}",true,true,"[{""Label"": ""Medium 14\"" · 8 slices"", ""Price"": 12.99}, {""Label"": ""Large 16\"" · 16 slices"", ""Price"": 14.99}]",1,2026-10-07 00:00:00+00,2026-10-07 00:00:00+00
pz-pepperoni,Pepperoni Pizza,"Tomato sauce, mozzarella and pepperoni.",14.99,Pizza,,"{""Best seller""}",true,true,"[{""Label"": ""Medium 14\"" · 8 slices"", ""Price"": 14.99}, {""Label"": ""Large 16\"" · 16 slices"", ""Price"": 16.99}]",2,2026-10-07 00:00:00+00,2026-10-07 00:00:00+00
pz-sausage,Sausage Pizza,"Tomato sauce, mozzarella and Italian sausage.",14.99,Pizza,,{},false,true,"[{""Label"": ""Medium 14\"" · 8 slices"", ""Price"": 14.99}, {""Label"": ""Large 16\"" · 16 slices"", ""Price"": 16.99}]",3,2026-10-07 00:00:00+00,2026-10-07 00:00:00+00
pz-bacon,Bacon Pizza,"Tomato sauce, mozzarella and crispy bacon.",14.99,Pizza,,{},false,true,"[{""Label"": ""Medium 14\"" · 8 slices"", ""Price"": 14.99}, {""Label"": ""Large 16\"" · 16 slices"", ""Price"": 16.99}]",4,2026-10-07 00:00:00+00,2026-10-07 00:00:00+00
pz-chicken-buffalo-bbq,Buffalo / BBQ Chicken Pizza,Chicken with your choice of Buffalo or BBQ sauce (add your choice in the order notes).,16.99,Pizza,,"{""Spicy""}",false,true,"[{""Label"": ""Medium 14\"" · 8 slices"", ""Price"": 16.99}, {""Label"": ""Large 16\"" · 16 slices"", ""Price"": 18.99}]",5,2026-10-07 00:00:00+00,2026-10-07 00:00:00+00
pz-meat-lovers,Meat Lovers Pizza,"Ground beef, ham, pepperoni and sausage.",16.99,Pizza,,{},true,true,"[{""Label"": ""Medium 14\"" · 8 slices"", ""Price"": 16.99}, {""Label"": ""Large 16\"" · 16 slices"", ""Price"": 18.99}]",6,2026-10-07 00:00:00+00,2026-10-07 00:00:00+00
pz-supreme,Special / Supreme Pizza,"Onion, green pepper, olives, mushrooms, ham, sausage and pepperoni.",16.99,Pizza,,{},true,true,"[{""Label"": ""Medium 14\"" · 8 slices"", ""Price"": 16.99}, {""Label"": ""Large 16\"" · 16 slices"", ""Price"": 18.99}]",7,2026-10-07 00:00:00+00,2026-10-07 00:00:00+00
pz-hawaiian,Hawaiian Pizza,Ham and pineapple.,16.99,Pizza,,{},false,true,"[{""Label"": ""Medium 14\"" · 8 slices"", ""Price"": 16.99}, {""Label"": ""Large 16\"" · 16 slices"", ""Price"": 18.99}]",8,2026-10-07 00:00:00+00,2026-10-07 00:00:00+00
pz-chicken-caesar,Chicken Caesar Pizza,"Chicken, lettuce, croutons and parmesan cheese.",16.99,Pizza,,{},false,true,"[{""Label"": ""Medium 14\"" · 8 slices"", ""Price"": 16.99}, {""Label"": ""Large 16\"" · 16 slices"", ""Price"": 18.99}]",9,2026-10-07 00:00:00+00,2026-10-07 00:00:00+00
pz-greek,Greek Pizza,"Spinach, tomato, garlic, kalamata olives and feta cheese.",16.99,Pizza,,"{""Vegetarian""}",false,true,"[{""Label"": ""Medium 14\"" · 8 slices"", ""Price"": 16.99}, {""Label"": ""Large 16\"" · 16 slices"", ""Price"": 18.99}]",10,2026-10-07 00:00:00+00,2026-10-07 00:00:00+00
pz-veggie-lovers,Veggie Lovers Pizza,"Spinach, onion, green pepper, broccoli, mushrooms, olives and cauliflower.",16.99,Pizza,,"{""Vegetarian""}",false,true,"[{""Label"": ""Medium 14\"" · 8 slices"", ""Price"": 16.99}, {""Label"": ""Large 16\"" · 16 slices"", ""Price"": 18.99}]",11,2026-10-07 00:00:00+00,2026-10-07 00:00:00+00
pz-tomato,Tomato Pizza,Fresh tomato pizza.,14.99,Pizza,,"{""Vegetarian""}",false,true,"[{""Label"": ""Medium 14\"" · 8 slices"", ""Price"": 14.99}, {""Label"": ""Large 16\"" · 16 slices"", ""Price"": 16.99}]",12,2026-10-07 00:00:00+00,2026-10-07 00:00:00+00
pz-white,White Pizza,"Ricotta and mozzarella, no tomato sauce.",14.99,Pizza,,"{""Vegetarian""}",false,true,"[{""Label"": ""Medium 14\"" · 8 slices"", ""Price"": 14.99}, {""Label"": ""Large 16\"" · 16 slices"", ""Price"": 16.99}]",13,2026-10-07 00:00:00+00,2026-10-07 00:00:00+00
pz-grandma,Grandma Pizza,"Thin square pie with tomato sauce, mozzarella and garlic.",14.99,Pizza,,"{""Vegetarian""}",false,true,"[{""Label"": ""Medium 14\"" · 8 slices"", ""Price"": 14.99}, {""Label"": ""Large 16\"" · 16 slices"", ""Price"": 16.99}]",14,2026-10-07 00:00:00+00,2026-10-07 00:00:00+00
pz-sicilian,Sicilian Pizza,Thick square pie with tomato sauce and mozzarella.,14.99,Pizza,,"{""Vegetarian""}",false,true,"[{""Label"": ""Medium 14\"" · 8 slices"", ""Price"": 14.99}, {""Label"": ""Large 16\"" · 16 slices"", ""Price"": 16.99}]",15,2026-10-07 00:00:00+00,2026-10-07 00:00:00+00
pz-margherita,Margherita Pizza,"Tomato, fresh mozzarella and basil.",14.99,Pizza,,"{""Vegetarian""}",false,true,"[{""Label"": ""Medium 14\"" · 8 slices"", ""Price"": 14.99}, {""Label"": ""Large 16\"" · 16 slices"", ""Price"": 16.99}]",16,2026-10-07 00:00:00+00,2026-10-07 00:00:00+00
pz-jalapeno,Jalapeño Pizza,Mozzarella and jalapeño peppers.,14.99,Pizza,,"{""Spicy"",""Vegetarian""}",false,true,"[{""Label"": ""Medium 14\"" · 8 slices"", ""Price"": 14.99}, {""Label"": ""Large 16\"" · 16 slices"", ""Price"": 16.99}]",17,2026-10-07 00:00:00+00,2026-10-07 00:00:00+00
pz-garlic,Garlic Pizza,"Mozzarella, garlic and olive oil.",14.99,Pizza,,"{""Vegetarian""}",false,true,"[{""Label"": ""Medium 14\"" · 8 slices"", ""Price"": 14.99}, {""Label"": ""Large 16\"" · 16 slices"", ""Price"": 16.99}]",18,2026-10-07 00:00:00+00,2026-10-07 00:00:00+00
pz-mushroom,Mushroom Pizza,"Tomato sauce, mozzarella and mushrooms.",14.99,Pizza,,"{""Vegetarian""}",false,true,"[{""Label"": ""Medium 14\"" · 8 slices"", ""Price"": 14.99}, {""Label"": ""Large 16\"" · 16 slices"", ""Price"": 16.99}]",19,2026-10-07 00:00:00+00,2026-10-07 00:00:00+00
pa-alfredo,Fettuccine Alfredo,Creamy Alfredo sauce with parmesan.,9.99,Pasta,,"{""Vegetarian""}",false,true,[],1,2026-10-07 00:00:00+00,2026-10-07 00:00:00+00
pa-vodka,Penne alla Vodka,Penne in a creamy tomato-vodka sauce.,9.99,Pasta,,"{""Vegetarian""}",false,true,[],2,2026-10-07 00:00:00+00,2026-10-07 00:00:00+00
hr-chicken-parm,Chicken Parmesan Hero,"Breaded chicken, marinara and melted mozzarella on a hero roll.",8.99,Burgers,,{},false,true,[],1,2026-10-07 00:00:00+00,2026-10-07 00:00:00+00
hr-chicken-cutlet,Chicken Cutlet Hero,Crispy chicken cutlet on a hero roll.,8.99,Burgers,,{},false,true,[],2,2026-10-07 00:00:00+00,2026-10-07 00:00:00+00
hr-meatball,Meatball Hero,"Meatballs, marinara and mozzarella on a hero roll.",8.99,Burgers,,{},false,true,[],3,2026-10-07 00:00:00+00,2026-10-07 00:00:00+00
bg-cheese,Cheeseburger,Beef burger with cheese.,5.99,Burgers,,{},false,true,[],4,2026-10-07 00:00:00+00,2026-10-07 00:00:00+00
bg-chicken,Chicken Burger,Chicken burger.,5.99,Burgers,,{},false,true,[],5,2026-10-07 00:00:00+00,2026-10-07 00:00:00+00
sl-garden,Garden Salad,"Lettuce, onion, green pepper and tomato with Italian dressing.",9.99,Salads,,"{""Vegetarian""}",false,true,"[{""Label"": ""Regular"", ""Price"": 9.99}, {""Label"": ""With chicken (+$3)"", ""Price"": 12.99}]",1,2026-10-07 00:00:00+00,2026-10-07 00:00:00+00
sl-greek,Greek Salad,"Lettuce, onion, green pepper, kalamata olives and feta cheese with Italian dressing.",9.99,Salads,,"{""Vegetarian""}",false,true,"[{""Label"": ""Regular"", ""Price"": 9.99}, {""Label"": ""With chicken (+$3)"", ""Price"": 12.99}]",2,2026-10-07 00:00:00+00,2026-10-07 00:00:00+00
sl-caesar,Caesar Salad,"Lettuce, croutons and parmesan cheese with Caesar dressing.",9.99,Salads,,{},false,true,"[{""Label"": ""Regular"", ""Price"": 9.99}, {""Label"": ""With chicken (+$3)"", ""Price"": 12.99}]",3,2026-10-07 00:00:00+00,2026-10-07 00:00:00+00
ap-fries,French Fries,Crispy golden fries.,4.99,Appetizers,,"{""Vegetarian""}",false,true,[],1,2026-10-07 00:00:00+00,2026-10-07 00:00:00+00
ap-mozz-sticks,Mozzarella Sticks (6 pcs),Six breaded mozzarella sticks with marinara.,7.99,Appetizers,,"{""Vegetarian""}",false,true,[],2,2026-10-07 00:00:00+00,2026-10-07 00:00:00+00
ap-nuggets,Chicken Nuggets (10 pcs),Ten crispy chicken nuggets.,9.99,Appetizers,,{},false,true,[],3,2026-10-07 00:00:00+00,2026-10-07 00:00:00+00
ap-poppers,Jalapeño Poppers (6 pcs),Six cheese-filled jalapeño poppers.,7.99,Appetizers,,"{""Spicy"",""Vegetarian""}",false,true,[],4,2026-10-07 00:00:00+00,2026-10-07 00:00:00+00
ap-plantains,Sweet Plantains (6 pcs),Six fried sweet plantains.,7.99,Appetizers,,"{""Vegetarian""}",false,true,[],5,2026-10-07 00:00:00+00,2026-10-07 00:00:00+00
ap-wings,Jumbo Wings,"Choose Buffalo, BBQ or Mango Habanero, with Blue Cheese or Ranch (add your choice in the order notes).",8.99,Appetizers,,"{""Spicy""}",true,true,"[{""Label"": ""6 pcs"", ""Price"": 8.99}, {""Label"": ""10 pcs"", ""Price"": 15.99}, {""Label"": ""15 pcs"", ""Price"": 19.99}]",6,2026-10-07 00:00:00+00,2026-10-07 00:00:00+00
dr-water,Water,Bottled water.,1.25,Drinks,,{},false,true,[],1,2026-10-07 00:00:00+00,2026-10-07 00:00:00+00
dr-can-soda,Can Soda,Ask for your flavor in the order notes.,1.99,Drinks,,{},false,true,[],2,2026-10-07 00:00:00+00,2026-10-07 00:00:00+00
dr-bottle-soda,Bottle Soda,Ask for your flavor in the order notes.,3.50,Drinks,,{},false,true,[],3,2026-10-07 00:00:00+00,2026-10-07 00:00:00+00
dr-2l-soda,2 Liter Soda,Ask for your flavor in the order notes.,4.99,Drinks,,{},false,true,[],4,2026-10-07 00:00:00+00,2026-10-07 00:00:00+00
ds-cheesecake,Cheesecake,Creamy New York cheesecake.,5.99,Desserts,,"{""Vegetarian""}",false,true,[],1,2026-10-07 00:00:00+00,2026-10-07 00:00:00+00
ds-carrot-cake,Carrot Cake,Carrot cake with cream cheese frosting.,5.99,Desserts,,"{""Vegetarian""}",false,true,[],2,2026-10-07 00:00:00+00,2026-10-07 00:00:00+00
ds-chocolate-cake,Chocolate Cake,Rich chocolate layer cake.,5.99,Desserts,,"{""Vegetarian""}",false,true,[],3,2026-10-07 00:00:00+00,2026-10-07 00:00:00+00
